environment,model_type,run,one_step_position_aee,one_step_velocity_aee,rollout_position_aee,rollout_velocity_aee,one_step_position_failures,rollout_position_failures
baseline,lstm,lstm_1,3.94214909077025,2.5012749754909622,52.31701971073338,10.679986873825209,0,0
baseline,gru,gru_0,6.136529671816865,5.453909175873445,55.0748035102466,17.230082604875925,0,0
baseline,latent_flow,latent_flow_baseline_genloss_e30,1.0702232122421265,1.0702232122421265,11.34762191772461,3.5251245498657227,0,0
magnetic_wells,lstm,lstm_2,5.481221574339392,3.151610405145085,66.58109212322034,36.61041019858255,0,0
magnetic_wells,gru,gru_2,5.167018933384934,3.030779049468802,54.911717526412126,42.45052641343513,0,0
magnetic_wells,latent_flow,latent_flow_magwells_genloss_e30,1.7964587211608887,1.7964587211608887,13.72666072845459,3.722745656967163,0,0
billiard,lstm,lstm_3,3.9912434827719157,19.24445084892516,46.843279554683996,50.025780871359174,28,8
billiard,gru,gru_1,4.850196890042362,25.035239068176164,38.32305542497531,33.01861220103944,8,60
billiard,latent_flow,latent_flow_billiard_genloss_e100_gen03_steps8_state02,0.026777662336826324,0.026777662336826324,0.05045315623283386,0.07135821878910065,0,0
